Name,Artifact Type,Category,Artifact ID,Description,Tags,Classifications,Stewards,Related Terms,Business Start,Business End,Part Of Terms,Type Of Terms,Abbreviations,Data Classes,Synonyms,Secondary Categories
Patient Healthcare Expenses,glossary_term,8abb09b1-3807-4e47-8691-a61b531ce99d,f0047d9c-3819-4641-a026-af68258330db,Patient Healthcare Expenses,,847d9680-27ea-4f51-990c-ab21fda94eb5,,,2022-06-02 01:06:31,,,,,,,
Patient State,glossary_term,8abb09b1-3807-4e47-8691-a61b531ce99d,5340922c-e686-4422-a677-2dec76c62f10,Patient State,,847d9680-27ea-4f51-990c-ab21fda94eb5,,,2022-06-02 01:06:31,,,,,,,
Payer Coverage,glossary_term,8abb09b1-3807-4e47-8691-a61b531ce99d,7198baab-c556-4aec-aaad-896938edd9c6,Payer Coverage,,,,,2022-06-02 01:06:31,,,,,,,
Patient Race,glossary_term,8abb09b1-3807-4e47-8691-a61b531ce99d,76353f9b-bda4-46e4-b286-067772e17db9,Patient Race,,847d9680-27ea-4f51-990c-ab21fda94eb5,,,2022-06-02 01:06:31,,,,,,,
Patient Address,glossary_term,8abb09b1-3807-4e47-8691-a61b531ce99d,c53fb063-6249-4d35-8eea-3c1405b237cb,Patients Address,,847d9680-27ea-4f51-990c-ab21fda94eb5,,,2022-06-02 01:06:31,,,,,,,
Encounter Total Claim Cost,glossary_term,8abb09b1-3807-4e47-8691-a61b531ce99d,b7f9c33d-30f0-4d54-8b56-920dc3f4767a,Encounter Total Claim Cost,,,,,2022-06-02 01:06:31,,,,,,,
Encounter Identifier,glossary_term,8abb09b1-3807-4e47-8691-a61b531ce99d,b3d47478-9a9c-4983-85e0-eb83955f0687,Encounter Identifier,,,,,2022-06-02 01:06:31,,,,,,,
Encounter Class,glossary_term,8abb09b1-3807-4e47-8691-a61b531ce99d,02028089-a39b-4590-8189-30990678047e,Encounter Class,,,,,2022-06-02 01:06:31,,,,,,,
Organization Identifier,glossary_term,8abb09b1-3807-4e47-8691-a61b531ce99d,eeec8858-ab64-4e63-8e2f-7d2207b1f5a5,Organization Identifier,,,,,2022-06-02 01:06:31,,,,,,,
Patient,glossary_term,8abb09b1-3807-4e47-8691-a61b531ce99d,ced034b1-77c7-49de-b30d-519268beb2e0,Patient is any recipient of health care services that are performed by healthcare professionals.,,,,,2022-06-02 01:06:31,,,,,,,
Condition Description,glossary_term,8abb09b1-3807-4e47-8691-a61b531ce99d,f8e54129-3b0f-43fd-996b-05591815ee60,Condition Description,,,,,2022-06-02 01:06:31,,,,,,,
Condition Code,glossary_term,8abb09b1-3807-4e47-8691-a61b531ce99d,a122dc85-73b4-497c-a126-088d6abcf97c,Condition Code,,,,,2022-06-02 01:06:31,,,,,,,
Provider Identifier,glossary_term,8abb09b1-3807-4e47-8691-a61b531ce99d,bcfee4ac-1e10-42d8-8928-568a87390664,Provider Identifier,,,,,2022-06-02 01:06:31,,,,,,,
Latitude,glossary_term,8abb09b1-3807-4e47-8691-a61b531ce99d,5508d176-a394-4659-8844-aa0da2478412,latitude is a geographic coordinate that specifies the north�south position of a point on the Earth's surface,,847d9680-27ea-4f51-990c-ab21fda94eb5,,,2022-06-02 01:06:31,,,,,,,
Patient First Name,glossary_term,8abb09b1-3807-4e47-8691-a61b531ce99d,a5705c98-d2e2-4f92-94f4-fc13926cad01,Patient First Name,,847d9680-27ea-4f51-990c-ab21fda94eb5,,,2022-06-02 01:06:31,,,,,,,
Condition Start Date,glossary_term,8abb09b1-3807-4e47-8691-a61b531ce99d,50532d2b-c747-4ef6-9a91-77f06574f7e5,Condition Start Date,,,,,2022-06-02 01:06:31,,,,,,,
Longitude,glossary_term,8abb09b1-3807-4e47-8691-a61b531ce99d,129a8316-c6a6-44b1-9e3e-019e0fe23d8e,Longitude is the measurement east or west of the prime meridian,,847d9680-27ea-4f51-990c-ab21fda94eb5,,,2022-06-02 01:06:31,,,,,,,
Condition Stop Date,glossary_term,8abb09b1-3807-4e47-8691-a61b531ce99d,68bddec1-fc5c-43e4-ace6-955ca1a75c1f,Condition Stop Date,,,,,2022-06-02 01:06:31,,,,,,,
Patient Drivers License,glossary_term,8abb09b1-3807-4e47-8691-a61b531ce99d,30dd275c-7562-448c-9142-4e540753384a,Patients Drivers License,,847d9680-27ea-4f51-990c-ab21fda94eb5,,,2022-06-02 01:06:31,,,,,,,
Birth Date,glossary_term,8abb09b1-3807-4e47-8691-a61b531ce99d,038acdd6-ae0f-436e-99bc-3f310e8c4000,Patients Date of birth,,847d9680-27ea-4f51-990c-ab21fda94eb5,,,2022-06-02 01:06:31,,,,,,,
Patient Ethnicity,glossary_term,8abb09b1-3807-4e47-8691-a61b531ce99d,63ec439b-e7f9-43ef-bd18-c8a864643417,Patient Ethnicity,,847d9680-27ea-4f51-990c-ab21fda94eb5,,,2022-06-02 01:06:31,,,,,,,
Encounter Description,glossary_term,8abb09b1-3807-4e47-8691-a61b531ce99d,a107904a-e7c7-4705-a4c0-bde65e97aafe,Encounter Description,,,,,2022-06-02 01:06:31,,,,,,,
Patient Social Security Number,glossary_term,8abb09b1-3807-4e47-8691-a61b531ce99d,b5aa1296-c786-4ef1-8982-06c1fea552be,Patients Social Security Number,,847d9680-27ea-4f51-990c-ab21fda94eb5,,,2022-06-02 01:06:31,,,,,,,
Patient Gender,glossary_term,8abb09b1-3807-4e47-8691-a61b531ce99d,42024932-69fa-4445-bb47-a3cdcf058202,Patient Gender,,847d9680-27ea-4f51-990c-ab21fda94eb5,,,2022-06-02 01:06:31,,,,,,,
Payer Identifier,glossary_term,8abb09b1-3807-4e47-8691-a61b531ce99d,e67f62d8-cb51-48da-930d-9f70970943d2,Payer Identifier,,,,,2022-06-02 01:06:31,,,,,,,
Condition Identifier,glossary_term,8abb09b1-3807-4e47-8691-a61b531ce99d,917e51ec-0f6d-4cf5-a290-704f06d9f1f4,Condition Identifier,,,,,2022-06-02 01:06:31,,,,,,,
Patient Zip,glossary_term,8abb09b1-3807-4e47-8691-a61b531ce99d,7a9fed8d-6502-4ee6-8938-451323c1228f,Patient Zip,,847d9680-27ea-4f51-990c-ab21fda94eb5,,,2022-06-02 01:06:31,,,,,,,
Patient Healthcare Coverage,glossary_term,8abb09b1-3807-4e47-8691-a61b531ce99d,4197c34b-73c7-434e-859b-25a9763fd1c9,Patient Healthcare Coverage,,847d9680-27ea-4f51-990c-ab21fda94eb5,,,2022-06-02 01:06:31,,,,,,,
Death Date,glossary_term,8abb09b1-3807-4e47-8691-a61b531ce99d,86174891-a8c0-4762-8d0a-677f8d2649f2,Patients Date of death,,847d9680-27ea-4f51-990c-ab21fda94eb5,,,2022-06-02 01:06:31,,,,,,,
Patient Last Name,glossary_term,8abb09b1-3807-4e47-8691-a61b531ce99d,a79464f4-995d-4c71-9792-7ce54b65c88d,Patient Last Name,,847d9680-27ea-4f51-990c-ab21fda94eb5,,,2022-06-02 01:06:31,,,,,,,
Encounter Code,glossary_term,8abb09b1-3807-4e47-8691-a61b531ce99d,91a9e760-699a-4da2-93f1-c01139b3e377,Encounter Code,,,,,2022-06-02 01:06:31,,,,,,,
Condition,glossary_term,8abb09b1-3807-4e47-8691-a61b531ce99d,643bea5e-7ab5-423f-96c1-1f897172872d,Healthcare Condition,,,,,2022-06-02 01:06:31,,,,,,,
Patient County,glossary_term,8abb09b1-3807-4e47-8691-a61b531ce99d,7bd1f750-2a72-480b-baf1-67e3473c07e2,Patient County,,847d9680-27ea-4f51-990c-ab21fda94eb5,,,2022-06-02 01:06:31,,,,,,,
Patient Maiden Name,glossary_term,8abb09b1-3807-4e47-8691-a61b531ce99d,63aebd50-7da1-4724-84a4-7263a30626bd,Patient Maiden name,,847d9680-27ea-4f51-990c-ab21fda94eb5,,,2022-06-02 01:06:31,,,,,,,
Encounter,glossary_term,8abb09b1-3807-4e47-8691-a61b531ce99d,43dc029f-cde6-4bd5-9b58-23740b0c5769,Encounter,,,,,2022-06-02 01:06:31,,,,,,,
Patient Marital Status,glossary_term,8abb09b1-3807-4e47-8691-a61b531ce99d,b3fd8009-7729-4b69-9e13-1db597c0eccf,Patient Marital Status,,847d9680-27ea-4f51-990c-ab21fda94eb5,,,2022-06-02 01:06:31,,,,,,,
Patient City,glossary_term,8abb09b1-3807-4e47-8691-a61b531ce99d,0b5f8601-fe86-49a4-b299-4710afeeb973,Patient City,,847d9680-27ea-4f51-990c-ab21fda94eb5,,,2022-06-02 01:06:31,,,,,,,
Encounter Stop Date,glossary_term,8abb09b1-3807-4e47-8691-a61b531ce99d,4740d783-de8a-445a-8739-6aae12bb9bdc,Encounter Stop Date,,,,,2022-06-02 01:06:31,,,,,,,
Patient Name Suffix,glossary_term,8abb09b1-3807-4e47-8691-a61b531ce99d,4f9c7966-2eb3-4e45-855a-3d25765594a0,Patient Name Suffix,,847d9680-27ea-4f51-990c-ab21fda94eb5,,,2022-06-02 01:06:31,,,,,,,
Encounter Base Cost,glossary_term,8abb09b1-3807-4e47-8691-a61b531ce99d,b616a339-7228-4f93-a3d2-4348163cf0e5,Encounter Base Cost,,,,,2022-06-02 01:06:31,,,,,,,
Encounter Start Date,glossary_term,8abb09b1-3807-4e47-8691-a61b531ce99d,bdc17113-14b9-47e6-aa4d-1b8691b71ed5,Encounter Start Date,,,,,2022-06-02 01:06:31,,,,,,,
Patient Name Prefix,glossary_term,8abb09b1-3807-4e47-8691-a61b531ce99d,c2c99884-0397-483e-a6bd-52ba8dd27dfe,Patient Name Suffix,,847d9680-27ea-4f51-990c-ab21fda94eb5,,,2022-06-02 01:06:31,,,,,,,
Patient Passport,glossary_term,8abb09b1-3807-4e47-8691-a61b531ce99d,35b8553b-d543-48b6-ba98-5cb71e1c5a9b,Patient Passport Number,,847d9680-27ea-4f51-990c-ab21fda94eb5,,,2022-06-02 01:06:31,,,,,,,
Patient Identifier,glossary_term,8abb09b1-3807-4e47-8691-a61b531ce99d,8db8e56b-4b29-42c2-9f53-7722194cf7db,Unique Identifier assigned to each Patient,,847d9680-27ea-4f51-990c-ab21fda94eb5,,,2022-06-02 01:06:31,,,,,,,
Birth Place,glossary_term,8abb09b1-3807-4e47-8691-a61b531ce99d,2d7b3100-78bf-489b-91ac-ffb9640dad94,The City where the Patient was born,,847d9680-27ea-4f51-990c-ab21fda94eb5,,,2022-06-02 01:06:31,,,,,,,
