[{"metadata":{"asset_id":"3aa595f0-dae9-42f1-9f07-bf59b096059b","asset_type":"data_intg_flow","catalog_id":"36b94186-c9fb-4e03-8ea0-564d39aef007","create_time":"2022-07-07T05:38:48.000Z","creator_id":"1000330999","name":"Healthcare_Patients","origin_country":"us","size":26964,"project_id":"dfa56d6d-6336-49ca-9a39-1257c7c418e8","resource_key":"dfa56d6d-6336-49ca-9a39-1257c7c418e8/data_intg_flow/Healthcare_Patients","description":"","tags":[],"usage":{"last_access_time":"2022-07-07T05:45:04.918Z","last_accessor_id":"1000330999","access_count":0}},"entity":{"data_intg_flow":{"mime_type":"application/json","dataset":false}},"attachments":[{"test_doc":0,"object_key":"data_intg_flow/dfa56d6d-6336-49ca-9a39-1257c7c418e83aa595f0-dae9-42f1-9f07-bf59b096059b","create_time":1657172689011,"complete_time_ticks":1657172689011,"mime":"application/json","usage":{"access_count":0,"last_accessor_id":"1000330999","last_access_time":1657172689011},"is_remote":false,"handle":{"max_part_num":1,"upload_id":"done","key":"data_intg_flow/dfa56d6d-6336-49ca-9a39-1257c7c418e83aa595f0-dae9-42f1-9f07-bf59b096059b"},"is_user_provided_path_key":true,"user_data":{},"version":2,"size":23703,"is_partitioned":false,"datasource_type":"81bafdbd-b7c6-45c5-a4fd-6ec135f66f4e","transfer_complete":true,"asset_type":"data_intg_flow","name":"data_intg_flows","creator_id":"1000330999","id":"e549f57f-ff60-4a61-b8b5-12814cd3ec08","is_referenced":true,"is_managed":false,"is_object_key_read_only":false},{"test_doc":0,"object_key":"data_intg_flow/dfa56d6d-6336-49ca-9a39-1257c7c418e83aa595f0-dae9-42f1-9f07-bf59b096059bpx_executables","create_time":1657172704917,"complete_time_ticks":1657172704917,"mime":"application/octet-stream","usage":{"access_count":0,"last_accessor_id":"1000330999","last_access_time":1657172704917},"is_remote":false,"handle":{"max_part_num":1,"upload_id":"done","key":"data_intg_flow/dfa56d6d-6336-49ca-9a39-1257c7c418e83aa595f0-dae9-42f1-9f07-bf59b096059bpx_executables"},"is_user_provided_path_key":true,"user_data":{},"version":2,"size":3261,"is_partitioned":false,"datasource_type":"81bafdbd-b7c6-45c5-a4fd-6ec135f66f4e","transfer_complete":true,"asset_type":"data_intg_flow","name":"px_executables","creator_id":"1000330999","id":"4c704088-730c-48ac-bf27-91560f5c794b","is_referenced":true,"is_managed":false,"is_object_key_read_only":false}]}]