{"metadata":{"asset_id":"c2bafc7b-3033-42ee-a35b-6a7c65347efe","asset_attributes":["data_asset"],"name":"PATIENTS_processed","asset_type":"data_asset","created_at":"2022-07-07T05:49:08Z","description":"","origin_country":"none","owner_id":"1000330999","project_id":"dfa56d6d-6336-49ca-9a39-1257c7c418e8","size":0,"tags":["connected-data"],"usage":{"last_update_time":1657172948591,"last_updated_at":"2022-07-07T05:49:08Z"}},"entity":{"data_asset":{"mime_type":"application/x-ibm-rel-table","dataset":true,"columns":[{"name":"PATIENT_ID","type":{"length":36,"nullable":false,"type":"nchar","scale":0,"signed":false}},{"name":"BIRTHDATE","type":{"length":10,"nullable":true,"type":"date","scale":0,"signed":false}},{"name":"DEATHDATE","type":{"length":10,"nullable":true,"type":"date","scale":0,"signed":false}},{"name":"SSN","type":{"length":36,"nullable":true,"type":"nchar","scale":0,"signed":false}},{"name":"DRIVERS_LICENSE","type":{"length":36,"nullable":true,"type":"nchar","scale":0,"signed":false}},{"name":"PASSPORT","type":{"length":36,"nullable":true,"type":"nchar","scale":0,"signed":false}},{"name":"PREFIX","type":{"length":6,"nullable":true,"type":"nchar","scale":0,"signed":false}},{"name":"FIRST_NAME","type":{"length":36,"nullable":true,"type":"nchar","scale":0,"signed":false}},{"name":"LAST_NAME","type":{"length":36,"nullable":true,"type":"nchar","scale":0,"signed":false}},{"name":"SUFFIX","type":{"length":36,"nullable":true,"type":"nchar","scale":0,"signed":false}},{"name":"MAIDEN_NAME","type":{"length":36,"nullable":true,"type":"nchar","scale":0,"signed":false}},{"name":"MARITAL","type":{"length":36,"nullable":true,"type":"nchar","scale":0,"signed":false}},{"name":"RACE","type":{"length":36,"nullable":true,"type":"nchar","scale":0,"signed":false}},{"name":"ETHNICITY","type":{"length":36,"nullable":true,"type":"nchar","scale":0,"signed":false}},{"name":"GENDER","type":{"length":36,"nullable":true,"type":"nchar","scale":0,"signed":false}},{"name":"BIRTHPLACE","type":{"length":100,"nullable":true,"type":"nchar","scale":0,"signed":false}},{"name":"ADDRESS","type":{"length":36,"nullable":true,"type":"nchar","scale":0,"signed":false}},{"name":"CITY","type":{"length":36,"nullable":true,"type":"nchar","scale":0,"signed":false}},{"name":"STATE","type":{"length":36,"nullable":true,"type":"nchar","scale":0,"signed":false}},{"name":"COUNTY","type":{"length":36,"nullable":true,"type":"nchar","scale":0,"signed":false}},{"name":"ZIP","type":{"length":36,"nullable":true,"type":"nchar","scale":0,"signed":false}},{"name":"LAT","type":{"length":15,"nullable":true,"type":"double","scale":0,"signed":true}},{"name":"LON","type":{"length":15,"nullable":true,"type":"double","scale":0,"signed":true}},{"name":"HEALTHCARE_EXPENSES","type":{"length":15,"nullable":true,"type":"double","scale":0,"signed":true}},{"name":"HEALTHCARE_COVERAGE","type":{"length":15,"nullable":true,"type":"double","scale":0,"signed":true}},{"name":"AGE","type":{"length":10,"nullable":false,"type":"integer","scale":0,"signed":true}}]}},"attachments":[{"id":"6bac4262-5653-415f-a730-3d2f83fa04fa","version":2,"asset_type":"data_asset","name":"PATIENTS_processed","description":"remote","mime":"application/x-ibm-rel-table","connection_id":"968bcc02-b00c-48f8-a5d6-c45a0d9d2660","connection_path":"/DB2INST1/PATIENTS_processed","datasource_type":"8c1a4480-1c29-4b33-9086-9cb799d7b157","creator_id":"1000330999","create_time":1657172948582,"size":0,"is_remote":true,"is_managed":false,"is_referenced":false,"is_object_key_read_only":false,"is_user_provided_path_key":true,"transfer_complete":true,"is_partitioned":false,"complete_time_ticks":1657172948582,"user_data":{},"test_doc":0,"usage":{"access_count":0,"last_accessor_id":"1000330999","last_access_time":1657172948582}}]}