{"metadata":{"asset_id":"439fc6ec-7420-4edf-adc0-f7ae47dfe977","asset_attributes":["job"],"name":"Healthcare_Patients.DataStage job","asset_type":"job","created_at":"2022-07-07T05:45:24Z","description":"","origin_country":"us","owner_id":"1000330999","project_id":"dfa56d6d-6336-49ca-9a39-1257c7c418e8","size":0,"tags":[],"usage":{"last_update_time":1657172724883,"last_updated_at":"2022-07-07T05:45:24Z"}},"entity":{"job":{"asset_ref_type":"data_intg_flow","configuration":{"env_variables":[],"flow_limits":{"warn_limit":100},"job_parameters":[],"env_type":""},"last_run_initiator":"None","last_run_time":"","last_run_status":"None","last_run_status_timestamp":0,"future_scheduled_runs":[],"enable_notifications":true,"project_name":"Healthcare Data Stage","asset_ref":"3aa595f0-dae9-42f1-9f07-bf59b096059b","schedule_id":"","schedule_creator_id":""}}}